{
    "train": {
        "roc_auc": 0.885075652141434,
        "accuracy": 0.7821253890618053,
        "precision": 0.7159199237368923,
        "recall": 0.7963944856839873,
        "f1": 0.7540160642570282
    },
    "validation": {
        "roc_auc": 0.7244165487977369,
        "accuracy": 0.6576763485477178,
        "precision": 0.5902439024390244,
        "recall": 0.599009900990099,
        "f1": 0.5945945945945946
    },
    "test": {
        "roc_auc": 0.7288012729844413,
        "accuracy": 0.6721991701244814,
        "precision": 0.6,
        "recall": 0.6534653465346535,
        "f1": 0.6255924170616114
    }
}