{
    "roc_auc": 0.7490702479338842,
    "accuracy": 0.6929460580912863,
    "precision": 0.678030303030303,
    "recall": 0.7396694214876033,
    "f1_score": 0.7075098814229249
}