{
    "Logistic Regression": {
        "train": {
            "accuracy": 0.6598488216985327,
            "precision": 0.5749185667752443,
            "recall": 0.743940990516333,
            "f1": 0.6485989894350023,
            "roc_auc": 0.7364051228013293
        },
        "val": {
            "accuracy": 0.6431535269709544,
            "precision": 0.562992125984252,
            "recall": 0.7009803921568627,
            "f1": 0.6244541484716157,
            "roc_auc": 0.7126357737339539
        }
    },
    "Decision Tree": {
        "train": {
            "accuracy": 0.7394397510004447,
            "precision": 0.6717123935666982,
            "recall": 0.7481559536354057,
            "f1": 0.707876370887338,
            "roc_auc": 0.8219506362973171
        },
        "val": {
            "accuracy": 0.58298755186722,
            "precision": 0.5066666666666667,
            "recall": 0.5588235294117647,
            "f1": 0.5314685314685315,
            "roc_auc": 0.6235452814219213
        }
    },
    "Random Forest": {
        "train": {
            "accuracy": 0.8052467763450423,
            "precision": 0.7263064658990257,
            "recall": 0.8640674394099052,
            "f1": 0.7892204042348412,
            "roc_auc": 0.9063994488125151
        },
        "val": {
            "accuracy": 0.6597510373443983,
            "precision": 0.5847457627118644,
            "recall": 0.6764705882352942,
            "f1": 0.6272727272727273,
            "roc_auc": 0.7214875158696571
        }
    },
    "Gradient Boosting": {
        "train": {
            "accuracy": 0.9648732770120053,
            "precision": 0.9608050847457628,
            "recall": 0.9557428872497366,
            "f1": 0.9582673005810882,
            "roc_auc": 0.9935259787630704
        },
        "val": {
            "accuracy": 0.6473029045643154,
            "precision": 0.5876288659793815,
            "recall": 0.5588235294117647,
            "f1": 0.5728643216080402,
            "roc_auc": 0.7107490478205671
        }
    },
    "Neural Network": {
        "train": {
            "accuracy": 0.6771898621609604,
            "precision": 0.6041083099906629,
            "recall": 0.6817702845100105,
            "f1": 0.6405940594059406,
            "roc_auc": 0.7558733889924617
        },
        "val": {
            "accuracy": 0.6618257261410788,
            "precision": 0.5919282511210763,
            "recall": 0.6470588235294118,
            "f1": 0.6182669789227166,
            "roc_auc": 0.7262484130342785
        }
    }
}