{
    "Logistic Regression": {
        "train": {
            "accuracy": 0.6746526114039291,
            "precision": 0.5250255362614913,
            "recall": 0.7060439560439561,
            "f1": 0.6022261277094318,
            "roc_auc": 0.7514514550938391
        },
        "val": {
            "accuracy": 0.6644295302013423,
            "precision": 0.5135135135135135,
            "recall": 0.7307692307692307,
            "f1": 0.6031746031746031,
            "roc_auc": 0.717265838399859
        }
    },
    "Decision Tree": {
        "train": {
            "accuracy": 0.7412553905126976,
            "precision": 0.6019522776572668,
            "recall": 0.7623626373626373,
            "f1": 0.6727272727272727,
            "roc_auc": 0.8297309754263398
        },
        "val": {
            "accuracy": 0.6510067114093959,
            "precision": 0.5,
            "recall": 0.6217948717948718,
            "f1": 0.5542857142857143,
            "roc_auc": 0.6719644902634594
        }
    },
    "Random Forest": {
        "train": {
            "accuracy": 0.7637757546717777,
            "precision": 0.6342857142857142,
            "recall": 0.7623626373626373,
            "f1": 0.692451653150343,
            "roc_auc": 0.8515381785249334
        },
        "val": {
            "accuracy": 0.6711409395973155,
            "precision": 0.5233160621761658,
            "recall": 0.6474358974358975,
            "f1": 0.5787965616045845,
            "roc_auc": 0.7224645343202044
        }
    },
    "Gradient Boosting": {
        "train": {
            "accuracy": 0.9496885481552467,
            "precision": 0.98145285935085,
            "recall": 0.8722527472527473,
            "f1": 0.9236363636363636,
            "roc_auc": 0.9938505203405866
        },
        "val": {
            "accuracy": 0.6554809843400448,
            "precision": 0.5089285714285714,
            "recall": 0.36538461538461536,
            "f1": 0.42537313432835816,
            "roc_auc": 0.6747070226451669
        }
    },
    "Neural Network": {
        "train": {
            "accuracy": 0.7120268327743172,
            "precision": 0.6389496717724289,
            "recall": 0.4010989010989011,
            "f1": 0.4928270042194093,
            "roc_auc": 0.7684019438986327
        },
        "val": {
            "accuracy": 0.6823266219239373,
            "precision": 0.5648148148148148,
            "recall": 0.391025641025641,
            "f1": 0.46212121212121204,
            "roc_auc": 0.7324874438276501
        }
    }
}