{
    "Logistic Regression": {
        "train": {
            "accuracy": 0.6696309470875945,
            "precision": 0.6711229946524064,
            "recall": 0.6681455190771961,
            "f1": 0.6696309470875945,
            "roc_auc": 0.7298484611235799
        },
        "val": {
            "accuracy": 0.6804979253112033,
            "precision": 0.6774193548387096,
            "recall": 0.6942148760330579,
            "f1": 0.6857142857142857,
            "roc_auc": 0.7427513774104683
        }
    },
    "Decision Tree": {
        "train": {
            "accuracy": 0.7381058248110272,
            "precision": 0.75,
            "recall": 0.7160603371783496,
            "f1": 0.7326373127553336,
            "roc_auc": 0.8231162030029402
        },
        "val": {
            "accuracy": 0.6141078838174274,
            "precision": 0.6284403669724771,
            "recall": 0.5661157024793388,
            "f1": 0.5956521739130435,
            "roc_auc": 0.6532885674931129
        }
    },
    "Random Forest": {
        "train": {
            "accuracy": 0.7536682970208982,
            "precision": 0.753315649867374,
            "recall": 0.7559893522626442,
            "f1": 0.7546501328609388,
            "roc_auc": 0.8379391282204582
        },
        "val": {
            "accuracy": 0.7033195020746889,
            "precision": 0.7106382978723405,
            "recall": 0.6900826446280992,
            "f1": 0.70020964360587,
            "roc_auc": 0.7510330578512395
        }
    },
    "Gradient Boosting": {
        "train": {
            "accuracy": 0.9515340151178302,
            "precision": 0.9488536155202821,
            "recall": 0.9547471162377995,
            "f1": 0.9517912428129146,
            "roc_auc": 0.9890422572190931
        },
        "val": {
            "accuracy": 0.6659751037344398,
            "precision": 0.6723404255319149,
            "recall": 0.6528925619834711,
            "f1": 0.6624737945492662,
            "roc_auc": 0.7222451790633608
        }
    },
    "Neural Network": {
        "train": {
            "accuracy": 0.670964873277012,
            "precision": 0.6592592592592592,
            "recall": 0.7107364685004437,
            "f1": 0.6840307429547395,
            "roc_auc": 0.7281157522297458
        },
        "val": {
            "accuracy": 0.6970954356846473,
            "precision": 0.6777777777777778,
            "recall": 0.756198347107438,
            "f1": 0.71484375,
            "roc_auc": 0.746849173553719
        }
    }
}