{
    "Random Forest (Tuned)": 0.743715564738292,
    "XGBoost (Tuned)": 0.7484159779614323,
    "Neural Network (Tuned)": 0.7399276859504131
}